"MD5","C1D21F6F748F0880A84A188F7439BB57","C:\Program Files (x86)\Microsoft Office\Office12\AUTHZAX.DLL"
"MD5","A2DF235FB312C358676562CED67B5E76","C:\Program Files (x86)\Microsoft Office\Office12\BJABLR32.DLL"
"MD5","2DD574F00DC391B361FB0BC79C9C63DA","C:\Program Files (x86)\Microsoft Office\Office12\CLVIEW.EXE"
"MD5","BA653FBDBBB549B05A820812C0E2CEFE","C:\Program Files (x86)\Microsoft Office\Office12\CNFNOT32.EXE"
"MD5","7606B8B56116BEDFBCFECD7107511ED6","C:\Program Files (x86)\Microsoft Office\Office12\CONTAB32.DLL"
"MD5","1EAECC2F4187CD6A5877F740B7836333","C:\Program Files (x86)\Microsoft Office\Office12\DLGSETP.DLL"
"MD5","E656A953CD4EEE07B301568CBE0515BC","C:\Program Files (x86)\Microsoft Office\Office12\DUMPSTER.DLL"
"MD5","EC6E27A351E8A11BCC396E3D08994D54","C:\Program Files (x86)\Microsoft Office\Office12\EMABLT32.DLL"
"MD5","304E9DF403CE00E63C44C5FB91553171","C:\Program Files (x86)\Microsoft Office\Office12\EMSMDB32.DLL"
"MD5","BF10A0D3613722CF20F0B9567F59AF82","C:\Program Files (x86)\Microsoft Office\Office12\ENVELOPE.DLL"
"MD5","A2E07C81A8FE9FD2994B712B7C2A95A6","C:\Program Files (x86)\Microsoft Office\Office12\excelcnv.exe"
"MD5","3176ACB726419E4BCDD8959BD943D5D5","C:\Program Files (x86)\Microsoft Office\Office12\excelcnvpxy.dll"
"MD5","0D05BD5EA578D4341014EABFF0392137","C:\Program Files (x86)\Microsoft Office\Office12\EXCHCSP.DLL"
"MD5","0358709A10273F14BD912E337B4CC7D2","C:\Program Files (x86)\Microsoft Office\Office12\EXSEC32.DLL"
"MD5","7170563D3BC5E9B4236213275047BE29","C:\Program Files (x86)\Microsoft Office\Office12\HLP95EN.DLL"
"MD5","C36F0DFC7ACBDFFE41D325BFEC5B1372","C:\Program Files (x86)\Microsoft Office\Office12\ID_00030.DPC"
"MD5","D60DFD76F2312FD2A981C2C4B68BAC99","C:\Program Files (x86)\Microsoft Office\Office12\IEAWSDC.DLL"
"MD5","1A6B878D7F4271A1520EDBBE460E199E","C:\Program Files (x86)\Microsoft Office\Office12\IMPMAIL.DLL"
"MD5","FCC1905B41D1307C475DFF52AFC99C31","C:\Program Files (x86)\Microsoft Office\Office12\INTLDATE.DLL"
"MD5","3E33295FA5E5CA77189FF6A4DF4EC2C9","C:\Program Files (x86)\Microsoft Office\Office12\MIMEDIR.DLL"
"MD5","CC11599FCB3146B0C27F226EC2AC0791","C:\Program Files (x86)\Microsoft Office\Office12\MLCFG32.CPL"
"MD5","44362D363C21BBAABCA8CB42D14B05E2","C:\Program Files (x86)\Microsoft Office\Office12\MLSHEXT.DLL"
"MD5","7661B4F6D5787F3A1F9723587D5BD6F9","C:\Program Files (x86)\Microsoft Office\Office12\MSOCF.DLL"
"MD5","2039987981E20E88A0D0FC02998EA811","C:\Program Files (x86)\Microsoft Office\Office12\MSOCFU.DLL"
"MD5","53AA2AFD3D515F5A8E7DFAF094F35BFE","C:\Program Files (x86)\Microsoft Office\Office12\MSODCW.DLL"
"MD5","7E28AF47DD4E878271ABCAE01071FA07","C:\Program Files (x86)\Microsoft Office\Office12\MSOHEV.DLL"
"MD5","5D999BF519415D1C8EE0B97FF6A254DB","C:\Program Files (x86)\Microsoft Office\Office12\MSOHEVI.DLL"
"MD5","A23D1D59160B59D29006117EE0722EC2","C:\Program Files (x86)\Microsoft Office\Office12\MSOHTMED.EXE"
"MD5","AB97E11E38C1DC822F245A776210B988","C:\Program Files (x86)\Microsoft Office\Office12\MSOSTYLE.DLL"
"MD5","77D24CD398F79F07430E11A4C9E985B4","C:\Program Files (x86)\Microsoft Office\Office12\MSOUTL.OLB"
"MD5","2A8C791ED32C0FA76BFE9F8576EB0936","C:\Program Files (x86)\Microsoft Office\Office12\MSOUTLO.PIP"
"MD5","DA79517783552B80229705D9720B8E8D","C:\Program Files (x86)\Microsoft Office\Office12\msproof6.dll"
"MD5","9408B4569F0AB38AD3C4AA2885FFDDD4","C:\Program Files (x86)\Microsoft Office\Office12\MSPST32.DLL"
"MD5","3E50C0EEBADE1A205236B1B12F7802DC","C:\Program Files (x86)\Microsoft Office\Office12\MSWORD.OLB"
"MD5","FEBDDF2E20DB88B4A6AAF70C9C0C8FF4","C:\Program Files (x86)\Microsoft Office\Office12\NAME.DLL"
"MD5","049E3BAC363205DB9C955A561583D25D","C:\Program Files (x86)\Microsoft Office\Office12\nlsdata0000.dll"
"MD5","3A9FBA6005BC10EF8D1E61B9FE589505","C:\Program Files (x86)\Microsoft Office\Office12\NLSDATA0009.DLL"
"MD5","7F8972A1780008ED8C8FF5093D254FF1","C:\Program Files (x86)\Microsoft Office\Office12\NLSDATA000A.DLL"
"MD5","6D07F5366C9C8BF574A829DF2B56ABCC","C:\Program Files (x86)\Microsoft Office\Office12\NLSDATA000C.DLL"
"MD5","1A514CA70E5FAF1CEC2F51CDAB1367A7","C:\Program Files (x86)\Microsoft Office\Office12\NLSLEXICONS0009_SP.dll"
"MD5","1A341696BE74ADBA15CDABB18D59FA14","C:\Program Files (x86)\Microsoft Office\Office12\NLSLEXICONS000A_SP.dll"
"MD5","707F023159B541EAD5DD6ADB2E605443","C:\Program Files (x86)\Microsoft Office\Office12\NLSMODELS0009.dll"
"MD5","6CA6CA37EF291138319D657005324B22","C:\Program Files (x86)\Microsoft Office\Office12\NLSMODELS000A.dll"
"MD5","9A6101F29E2E9D41B99CBCC8F106E8FE","C:\Program Files (x86)\Microsoft Office\Office12\NPOFF12.DLL"
"MD5","69262CF75CCF9D872B8986A8430D240D","C:\Program Files (x86)\Microsoft Office\Office12\OART.DLL"
"MD5","2E3A9146E87C6F0B239EE9C708418149","C:\Program Files (x86)\Microsoft Office\Office12\OARTCONV.DLL"
"MD5","E227F719BF143D6B7B07720B4793DF08","C:\Program Files (x86)\Microsoft Office\Office12\OFFOWC.DLL"
"MD5","7A9EEBA792C57017724EE28FEBBFE362","C:\Program Files (x86)\Microsoft Office\Office12\OFFRHD.DLL"
"MD5","7AAD3D3E00CD573846329B989CB3BDA7","C:\Program Files (x86)\Microsoft Office\Office12\ogalegit.dll"
"MD5","DC994E0E9E45B10693D401304915BB42","C:\Program Files (x86)\Microsoft Office\Office12\OLKFSTUB.DLL"
"MD5","7B1C181EC748B09EB37D2ED5D1017E98","C:\Program Files (x86)\Microsoft Office\Office12\OLKIRM.XML"
"MD5","3746A372114F34D6E5645767E06D740B","C:\Program Files (x86)\Microsoft Office\Office12\OLKIRMV.XML"
"MD5","4A2F06711957BF584038E2C2D6028DB1","C:\Program Files (x86)\Microsoft Office\Office12\OLMAPI32.DLL"
"MD5","35E6E9EE216BD3BD0A27478FD1DE0A89","C:\Program Files (x86)\Microsoft Office\Office12\OLSIDESHOW.DLL"
"MD5","EC0F127F721B2145CACF73FF7397B104","C:\Program Files (x86)\Microsoft Office\Office12\OMSMAIN.DLL"
"MD5","ADAF9EDB5AB1E180AAD21C6872E54E0F","C:\Program Files (x86)\Microsoft Office\Office12\OMSXP32.DLL"
"MD5","A0F16CEF17666ADA3728544CCB7E72C3","C:\Program Files (x86)\Microsoft Office\Office12\OUTLACCT.DLL"
"MD5","F46F8866D62D87F815CD5FF2E2BC11DC","C:\Program Files (x86)\Microsoft Office\Office12\OUTLCTL.DLL"
"MD5","AA9ED51BE3EDEF886CDB0233A366EB14","C:\Program Files (x86)\Microsoft Office\Office12\OUTLFLTR.DAT"
"MD5","87BA0576429722DF5B92FD43F55FAD77","C:\Program Files (x86)\Microsoft Office\Office12\OUTLFLTR.DLL"
"MD5","60FF28D9E6205367BAFBDE1886DD3C45","C:\Program Files (x86)\Microsoft Office\Office12\OUTLMIME.DLL"
"MD5","D326D08EA64A40A21E1F0FCF0BB0D294","C:\Program Files (x86)\Microsoft Office\Office12\OUTLOOK.EXE"
"MD5","C75D57C75CCD548B261BC9B67B65C663","C:\Program Files (x86)\Microsoft Office\Office12\OUTLOOK.EXE.MANIFEST"
"MD5","B713062C2C90D53070482237BFA1F4F7","C:\Program Files (x86)\Microsoft Office\Office12\OUTLPH.DLL"
"MD5","75DBB3561B38B0CFA88EE5ADAD88C336","C:\Program Files (x86)\Microsoft Office\Office12\OUTLRPC.DLL"
"MD5","1BA38376EEE17AA45B7AF25A6AA184D7","C:\Program Files (x86)\Microsoft Office\Office12\OUTLVBS.DLL"
"MD5","C2F7F7FE2BC49112BD4FB7E0CAE8A02F","C:\Program Files (x86)\Microsoft Office\Office12\PSTPRX32.DLL"
"MD5","E234927B1C7096905A1CABA71668A330","C:\Program Files (x86)\Microsoft Office\Office12\RECALL.DLL"
"MD5","9B58EB4374FDCD57ED36CFE3B1C360C2","C:\Program Files (x86)\Microsoft Office\Office12\REFEDIT.DLL"
"MD5","049A11EBF7EB573C59665BFDBC475DB7","C:\Program Files (x86)\Microsoft Office\Office12\REMINDER.WAV"
"MD5","14AA72EBAA5C2BA0314DD5804509C7F7","C:\Program Files (x86)\Microsoft Office\Office12\RTFHTML.DLL"
"MD5","BA4593F51E7F516B1228ED908D40F56F","C:\Program Files (x86)\Microsoft Office\Office12\SAEXT.DLL"
"MD5","CC8D52A59E6349B3259E77819237022B","C:\Program Files (x86)\Microsoft Office\Office12\SCANOST.EXE"
"MD5","1C5B1F484476F8FD725DD3E32D3D8728","C:\Program Files (x86)\Microsoft Office\Office12\SCANPST.EXE"
"MD5","A76BC9FE32399B8EF4438D384CC68DFA","C:\Program Files (x86)\Microsoft Office\Office12\SCNPST32.DLL"
"MD5","6778F4202A708A9012D26C24D4617AA7","C:\Program Files (x86)\Microsoft Office\Office12\SCNPST64.DLL"
"MD5","C657D9230EBF5D6A891E8D6EBD80056C","C:\Program Files (x86)\Microsoft Office\Office12\SENDTO.DLL"
"MD5","906877A8A4A0C3ABEDDBD0F25C9CB494","C:\Program Files (x86)\Microsoft Office\Office12\SEQCHK10.DLL"
"MD5","A4CAD127F0826B698D0E8DA2AC078E7B","C:\Program Files (x86)\Microsoft Office\Office12\SSGEN.DLL"
"MD5","23E01FC5A5CC22B37AED10AB38CD7876","C:\Program Files (x86)\Microsoft Office\Office12\USP10.DLL"
"MD5","75492CF83C1AF1C923AD2B5205249943","C:\Program Files (x86)\Microsoft Office\Office12\WDBIMP.DLL"
"MD5","930ABC336D65C213D3C9F370F811FAEB","C:\Program Files (x86)\Microsoft Office\Office12\WORD.PIP"
"MD5","89A2FCE6034CC2AAF9B19999C1A174F7","C:\Program Files (x86)\Microsoft Office\Office12\WWLIB.DLL"
"MD5","A05060F1700CB547EFFF19AAF06D1444","C:\Program Files (x86)\Microsoft Office\Office12\XLCPRTID.XML"
"MD5","75CB7C17A3C1C4A637B87BB5A9B26645","C:\Program Files (x86)\Microsoft Office\Office12\1027\MSO.ACL"
"MD5","41FF8A7C10D6B664183E2DC58FD61D40","C:\Program Files (x86)\Microsoft Office\Office12\1033\MSO.ACL"
"MD5","BADB9BD8CE4B366ADF85A5B218FF987A","C:\Program Files (x86)\Microsoft Office\Office12\1036\MSO.ACL"
"MD5","93937E7FC4107FCD0BD2F51E64EFFB96","C:\Program Files (x86)\Microsoft Office\Office12\1046\MSO.ACL"
"MD5","26C4972C575E72000FCB5D92C4A96618","C:\Program Files (x86)\Microsoft Office\Office12\1069\MSO.ACL"
"MD5","04153B73BEDBA2F353F2E686FE17930B","C:\Program Files (x86)\Microsoft Office\Office12\1110\MSO.ACL"
"MD5","80224893AB58C4866471ED6C04AD2646","C:\Program Files (x86)\Microsoft Office\Office12\3082\CLVWINTL.DLL"
"MD5","4C6FF6721453388EBFE504F7A8F1CBBC","C:\Program Files (x86)\Microsoft Office\Office12\3082\CollectSignatures_Init.xsn"
"MD5","ADC0A1AFDFE9D6F4BDFBE0E63478415B","C:\Program Files (x86)\Microsoft Office\Office12\3082\CollectSignatures_Sign.xsn"
"MD5","3EB81E32D2C3677D00E382F60663E4A2","C:\Program Files (x86)\Microsoft Office\Office12\3082\CT_ROOTS.XML"
"MD5","D455DF959B5A9F3895A350A038B018F1","C:\Program Files (x86)\Microsoft Office\Office12\3082\ENVELOPR.DLL"
"MD5","58DCD369AF23D2D0C174C600A6BC1263","C:\Program Files (x86)\Microsoft Office\Office12\3082\MAPIR.DLL"
"MD5","04153B73BEDBA2F353F2E686FE17930B","C:\Program Files (x86)\Microsoft Office\Office12\3082\MSO.ACL"
"MD5","C1334231C3053F1DAF9F4A493544AEDA","C:\Program Files (x86)\Microsoft Office\Office12\3082\MSOHLP11.CHM"
"MD5","9216EDDCBD6EEA840BE63A2A8C32F8F6","C:\Program Files (x86)\Microsoft Office\Office12\3082\OFFOWCI.DLL"
"MD5","D41D8CD98F00B204E9800998ECF8427E","C:\Program Files (x86)\Microsoft Office\Office12\3082\OFMAIN11.CHM"
"MD5","D41D8CD98F00B204E9800998ECF8427E","C:\Program Files (x86)\Microsoft Office\Office12\3082\OLFM10.CHM"
"MD5","D41D8CD98F00B204E9800998ECF8427E","C:\Program Files (x86)\Microsoft Office\Office12\3082\OLMAIN11.CHM"
"MD5","A9EE980E0F508ADCB45E8A05A431AC15","C:\Program Files (x86)\Microsoft Office\Office12\3082\OMSINTL.DLL"
"MD5","72F5727DAE96B6C0ED72FA78F5BDBF7A","C:\Program Files (x86)\Microsoft Office\Office12\3082\OUTFORM.DAT"
"MD5","4AB9AB81D59FC936367E46CDA06DA5E8","C:\Program Files (x86)\Microsoft Office\Office12\3082\OUTLBAR.INF"
"MD5","6E28B5EB0B4244C9A9DA8A0DDF02F428","C:\Program Files (x86)\Microsoft Office\Office12\3082\OUTLLIBR.DLL"
"MD5","C5C933E5BDF7AA49098C04BEC2BFA80C","C:\Program Files (x86)\Microsoft Office\Office12\3082\OUTLOOK.DEV.HXS"
"MD5","32BDE461D8BFF0922CA5B8E587A23AD0","C:\Program Files (x86)\Microsoft Office\Office12\3082\OUTLOOK.DEV_COL.HXC"
"MD5","9C567C6D9F0F227BFFE72F4369889B28","C:\Program Files (x86)\Microsoft Office\Office12\3082\OUTLOOK.DEV_COL.HXT"
"MD5","B8FBBC73DDDE31636552AB184B4E398F","C:\Program Files (x86)\Microsoft Office\Office12\3082\OUTLOOK.DEV_F_COL.HXK"
"MD5","DB9742E49C49C505B293A84518E95FA5","C:\Program Files (x86)\Microsoft Office\Office12\3082\OUTLOOK.DEV_K_COL.HXK"
"MD5","355596E3E8849C626E0B930DFED133D0","C:\Program Files (x86)\Microsoft Office\Office12\3082\OUTLOOK.HOL"
"MD5","1FE3D4D799BDFBC756C9A02AD7347227","C:\Program Files (x86)\Microsoft Office\Office12\3082\OUTLOOK.HXS"
"MD5","B437DEEA8B90E211EDB9CD6465685EED","C:\Program Files (x86)\Microsoft Office\Office12\3082\OUTLOOK_COL.HXC"
"MD5","3379328B9E15E9C9035DDF5C1646AD3E","C:\Program Files (x86)\Microsoft Office\Office12\3082\OUTLOOK_COL.HXT"
"MD5","B8FBBC73DDDE31636552AB184B4E398F","C:\Program Files (x86)\Microsoft Office\Office12\3082\OUTLOOK_F_COL.HXK"
"MD5","DB9742E49C49C505B293A84518E95FA5","C:\Program Files (x86)\Microsoft Office\Office12\3082\OUTLOOK_K_COL.HXK"
"MD5","BC71FF7DA14ECA943FA0AD815F72B8CB","C:\Program Files (x86)\Microsoft Office\Office12\3082\OUTLPERF.H"
"MD5","6A518C52CA24667AD2A5C5F9A4DC8F3A","C:\Program Files (x86)\Microsoft Office\Office12\3082\OUTLPERF.INI"
"MD5","BBFD2707C606FD2B64503EC885E34633","C:\Program Files (x86)\Microsoft Office\Office12\3082\OUTLWVW.DLL"
"MD5","F49E30BB2F11B4BBB158FC64388D7399","C:\Program Files (x86)\Microsoft Office\Office12\3082\PROTTPLN.DOC"
"MD5","EAA24AF96E26BFFD7B7F5895AD464A22","C:\Program Files (x86)\Microsoft Office\Office12\3082\PROTTPLN.PPT"
"MD5","1967F6B3A21640079AF3E06B4B918347","C:\Program Files (x86)\Microsoft Office\Office12\3082\PROTTPLN.XLS"
"MD5","DD37BA5666CB962C9541F9BBC093CCA7","C:\Program Files (x86)\Microsoft Office\Office12\3082\PROTTPLV.DOC"
"MD5","EFB7B6C4CAD903943BB7D6872A755398","C:\Program Files (x86)\Microsoft Office\Office12\3082\PROTTPLV.PPT"
"MD5","81C172433C193D9EAF453B938536DD44","C:\Program Files (x86)\Microsoft Office\Office12\3082\PROTTPLV.XLS"
"MD5","1D4D393E1114921DC893BA9E3C5B3CA3","C:\Program Files (x86)\Microsoft Office\Office12\3082\ReviewRouting_Init.xsn"
"MD5","10E92144FC9A447DAD55C1F25894BB8C","C:\Program Files (x86)\Microsoft Office\Office12\3082\ReviewRouting_Review.xsn"
"MD5","0497085C96EE12E1A2EB286BD000673E","C:\Program Files (x86)\Microsoft Office\Office12\3082\RIBBON.HXS"
"MD5","5CBA881F83CA772443B96A9D29511256","C:\Program Files (x86)\Microsoft Office\Office12\3082\RIBBON_COL.HXC"
"MD5","82CF1760B87EE78262803ECAB2CF8350","C:\Program Files (x86)\Microsoft Office\Office12\3082\UmOutlookStrings.dll"
"MD5","A1C0240D6A7E1D607CCE0538504E3DC7","C:\Program Files (x86)\Microsoft Office\Office12\3082\VBALIST.XLS"
"MD5","D41D8CD98F00B204E9800998ECF8427E","C:\Program Files (x86)\Microsoft Office\Office12\3082\VBAOL11.CHM"
"MD5","F9D3975A419C5BCAE64A020E8F030F79","C:\Program Files (x86)\Microsoft Office\Office12\3082\VBE.DEV.HXS"
"MD5","05F6432245E94DE4E1B342CC8E2D7F94","C:\Program Files (x86)\Microsoft Office\Office12\3082\VBE.DEV_A_COL.HXK"
"MD5","59F58F7B5674CD32F02E399B9B3A8B48","C:\Program Files (x86)\Microsoft Office\Office12\3082\VBE.DEV_COL.HXC"
"MD5","8CB1D18C77902502146D30B871ED47B4","C:\Program Files (x86)\Microsoft Office\Office12\3082\VBE.DEV_COL.HXT"
"MD5","B8FBBC73DDDE31636552AB184B4E398F","C:\Program Files (x86)\Microsoft Office\Office12\3082\VBE.DEV_F_COL.HXK"
"MD5","DB9742E49C49C505B293A84518E95FA5","C:\Program Files (x86)\Microsoft Office\Office12\3082\VBE.DEV_K_COL.HXK"
"MD5","1B88A6CF065A9D33F60BF802A44AC26B","C:\Program Files (x86)\Microsoft Office\Office12\3082\VVIEWRES.DLL"
"MD5","BDD76577B0CFB1B999AFA3270EC0F2AD","C:\Program Files (x86)\Microsoft Office\Office12\3082\WWINTL.DLL"
"MD5","2900C5A6C53E5BC26ADF65C2F67BA496","C:\Program Files (x86)\Microsoft Office\Office12\3082\Xlate_Complete.xsn"
"MD5","2A090B299065C3B093B48B03E59D421D","C:\Program Files (x86)\Microsoft Office\Office12\3082\Xlate_Init.xsn"
"MD5","085A08F2C3F4D142602A73135235ED01","C:\Program Files (x86)\Microsoft Office\Office12\3082\XLINTL32.DLL"
"MD5","E6979500E31011F2C464EDCDAEFDDB35","C:\Program Files (x86)\Microsoft Office\Office12\3082\XLLEX.DLL"
"MD5","16A8A9A2B0A8B65FAF28E1007DB6733F","C:\Program Files (x86)\Microsoft Office\Office12\3082\DataServices\+Conectar con nuevo origen de datos.odc"
"MD5","149E8C684B9EA9887DD2E7E596E7187C","C:\Program Files (x86)\Microsoft Office\Office12\3082\DataServices\+Nueva conexi?n con SQL Server.odc"
"MD5","466AFDBDD30770A1A6B47AFD85099E82","C:\Program Files (x86)\Microsoft Office\Office12\3082\DataServices\DESKTOP.INI"
"MD5","A6DDCCFDAD18D5CA7AAEB168B6D02253","C:\Program Files (x86)\Microsoft Office\Office12\3082\DataServices\FOLDER.ICO"
"MD5","A41AFF3F81DEE43BF380688A49E404E7","C:\Program Files (x86)\Microsoft Office\Office12\ADDINS\ColleagueImport.dll"
"MD5","0B8D89516CA7DF03EE211131975B7850","C:\Program Files (x86)\Microsoft Office\Office12\ADDINS\DLGSETP.ECF"
"MD5","19EB36A2CC603BB1578BD607515D3B26","C:\Program Files (x86)\Microsoft Office\Office12\ADDINS\DUMPSTER.ECF"
"MD5","9D31D9568DFF16562F54264B578F41A2","C:\Program Files (x86)\Microsoft Office\Office12\ADDINS\FAXEXT.ECF"
"MD5","D6319AE98C6504B827341920352210EA","C:\Program Files (x86)\Microsoft Office\Office12\ADDINS\MSOSEC.DLL"
"MD5","2F78FA500EA5F9D68BA461C145BE0DDA","C:\Program Files (x86)\Microsoft Office\Office12\ADDINS\MSOSEC.XML"
"MD5","68088AA206A72834198DFBAF31AF4AD4","C:\Program Files (x86)\Microsoft Office\Office12\ADDINS\MSSPC.ECF"
"MD5","106EBBC72688E4CF2662DD2AC1872EAF","C:\Program Files (x86)\Microsoft Office\Office12\ADDINS\MSVCR71.DLL"
"MD5","ECE78E292B634F1E174DEA8974F26021","C:\Program Files (x86)\Microsoft Office\Office12\ADDINS\OTKLOADR.DLL"
"MD5","43459E2A5836517655ADCD2632B5673F","C:\Program Files (x86)\Microsoft Office\Office12\ADDINS\OUTEX.ECF"
"MD5","680F7628D058F93DF923E9ECA4AC45BE","C:\Program Files (x86)\Microsoft Office\Office12\ADDINS\OUTEX2.ECF"
"MD5","E56CB5A9DABF3064D107080C95BE9B72","C:\Program Files (x86)\Microsoft Office\Office12\ADDINS\OUTLVBA.DLL"
"MD5","EBDDE416803313E8462767D078977D56","C:\Program Files (x86)\Microsoft Office\Office12\ADDINS\PMAILEXT.ECF"
"MD5","E40C3A863DB71307198404FD9AA1BB83","C:\Program Files (x86)\Microsoft Office\Office12\ADDINS\UmOutlookAddin.dll"
"MD5","23F7B96E02B1431E64D2C5A01EA8F92C","C:\Program Files (x86)\Microsoft Office\Office12\ADDINS\UmOutlookAddin.xml"
"MD5","6AA877133D812740F6150CC0DAB34CE0","C:\Program Files (x86)\Microsoft Office\Office12\ADDINS\UmOutlookFax.xml"
"MD5","048B6EA6DCB07A32A51CA4C65BFE43D8","C:\Program Files (x86)\Microsoft Office\Office12\CONVERT\ACT3.SAM"
"MD5","D39A783596F225CA5C5DE8F9827C8028","C:\Program Files (x86)\Microsoft Office\Office12\CONVERT\DELIMDOS.FAE"
"MD5","F1BEB42B530D318237C2231A2951195F","C:\Program Files (x86)\Microsoft Office\Office12\CONVERT\DELIMWIN.FAE"
"MD5","062FAD8FDE1AD99B85305B37E0E52CB7","C:\Program Files (x86)\Microsoft Office\Office12\CONVERT\DESKSAM.SAM"
"MD5","9FF00B77C97C4DA36FDEE0106AA5685C","C:\Program Files (x86)\Microsoft Office\Office12\CONVERT\ODBC.SAM"
"MD5","5A19F7866950839E1AAE5C5FF84F3154","C:\Program Files (x86)\Microsoft Office\Office12\CONVERT\OL.SAM"
"MD5","E6A3F6618359F4642DA4851EFEEFFFFB","C:\Program Files (x86)\Microsoft Office\Office12\CONVERT\OLADD.FAE"
"MD5","3758E87AFB4F98F64B2A1DD2837E4BD3","C:\Program Files (x86)\Microsoft Office\Office12\CONVERT\OLAPPT.FAE"
"MD5","62F2BC3DBC2CD798776735F550FF5471","C:\Program Files (x86)\Microsoft Office\Office12\CONVERT\OLJRNL.FAE"
"MD5","C1354485B5E97C7824CA7088D1138F5B","C:\Program Files (x86)\Microsoft Office\Office12\CONVERT\OLMAIL.FAE"
"MD5","274DF75A57B044951C7F6B07B95F6CFF","C:\Program Files (x86)\Microsoft Office\Office12\CONVERT\OLNOTE.FAE"
"MD5","2B44B294894106B10CC53F5F274E7AFE","C:\Program Files (x86)\Microsoft Office\Office12\CONVERT\OLTASK.FAE"
"MD5","8AE47F0659FE12A41BBF13BE9E3578C0","C:\Program Files (x86)\Microsoft Office\Office12\CONVERT\ORG97.SAM"
"MD5","091B12C41E16B368131C8ED7FC57D289","C:\Program Files (x86)\Microsoft Office\Office12\CONVERT\PAB.SAM"
"MD5","F4DAEB5D006B2CC006FCF1AE2B107872","C:\Program Files (x86)\Microsoft Office\Office12\CONVERT\RM.DLL"
"MD5","0BDF852AA930D1EE5CFCAB029CA5B911","C:\Program Files (x86)\Microsoft Office\Office12\CONVERT\TRANSMGR.DLL"
"MD5","86F71DC3467CC591B5BED8444AF17836","C:\Program Files (x86)\Microsoft Office\Office12\CONVERT\3082\ACT3R.SAM"
"MD5","0F4E354C1CC1F57F43CDF26EAB1D593F","C:\Program Files (x86)\Microsoft Office\Office12\CONVERT\3082\DELIMR.FAE"
"MD5","1B70101D1ED1D98124E71AEF57483420","C:\Program Files (x86)\Microsoft Office\Office12\CONVERT\3082\LOCALDV.DLL"
"MD5","4AE0670280F0E5F70CE19E3B07902FC1","C:\Program Files (x86)\Microsoft Office\Office12\CONVERT\3082\ODBCR.SAM"
"MD5","103E2BD2F03D98697728984406AD0EE1","C:\Program Files (x86)\Microsoft Office\Office12\CONVERT\3082\OLADDR.FAE"
"MD5","C2573D392350F3D8D437EB5841596A13","C:\Program Files (x86)\Microsoft Office\Office12\CONVERT\3082\OLAPPTR.FAE"
"MD5","6DABD3B6EAC3990C515D82036D8BF060","C:\Program Files (x86)\Microsoft Office\Office12\CONVERT\3082\OLJRNLR.FAE"
"MD5","C888200AA864D1D2F7BE768E1B423CA1","C:\Program Files (x86)\Microsoft Office\Office12\CONVERT\3082\OLMAILR.FAE"
"MD5","4B773D8334FB2F7348FF817ACDD10CFA","C:\Program Files (x86)\Microsoft Office\Office12\CONVERT\3082\OLNOTER.FAE"
"MD5","2D7742026CEC63D6A6136B268B945D49","C:\Program Files (x86)\Microsoft Office\Office12\CONVERT\3082\OLR.SAM"
"MD5","5E092159BC1FF583FC8D58DEC16FC9B0","C:\Program Files (x86)\Microsoft Office\Office12\CONVERT\3082\OLTASKR.FAE"
"MD5","FB4F5A2D1CE506C37B6AEBB5FB780CC7","C:\Program Files (x86)\Microsoft Office\Office12\CONVERT\3082\ORG97R.SAM"
"MD5","13A9058B87680EB13FBD7F5C170400F2","C:\Program Files (x86)\Microsoft Office\Office12\CONVERT\3082\PABR.SAM"
"MD5","5D6B3A579DE4B0955CFCC0E72CCD046A","C:\Program Files (x86)\Microsoft Office\Office12\CONVERT\3082\TRANSMRR.DLL"
"MD5","67F659CDB0EE35FD32FFC3D19F2EC7EE","C:\Program Files (x86)\Microsoft Office\Office12\FORMS\3082\ACTIVITL.ICO"
"MD5","55C93812C47BB92AA469381C1DAD6D78","C:\Program Files (x86)\Microsoft Office\Office12\FORMS\3082\ACTIVITS.ICO"
"MD5","DFD4F08E2FAFA762EAD6E1132C5C3647","C:\Program Files (x86)\Microsoft Office\Office12\FORMS\3082\ACTIVITY.CFG"
"MD5","8AC05D5BD6963CF64C3BEF47C643788B","C:\Program Files (x86)\Microsoft Office\Office12\FORMS\3082\APPT.CFG"
"MD5","986FB2E4B198A72B3DE74A4B2AA3E8B9","C:\Program Files (x86)\Microsoft Office\Office12\FORMS\3082\APPTL.ICO"
"MD5","3B9EE11AFB2D2EF4763F63310C1B6307","C:\Program Files (x86)\Microsoft Office\Office12\FORMS\3082\APPTS.ICO"
"MD5","CF95BE9B53F78FD77FA90915347473F5","C:\Program Files (x86)\Microsoft Office\Office12\FORMS\3082\CNFNOT.CFG"
"MD5","E3E891DB3AC74767CC42507B17681911","C:\Program Files (x86)\Microsoft Office\Office12\FORMS\3082\CNFNOT.ICO"
"MD5","B065EEF51249A1D5B02E46ACF254FB33","C:\Program Files (x86)\Microsoft Office\Office12\FORMS\3082\CNFRES.CFG"
"MD5","7D1B6A346E5E04B97D71C44F6C25D108","C:\Program Files (x86)\Microsoft Office\Office12\FORMS\3082\CONFLICT.ICO"
"MD5","3B1DE3582788C002429223D200440454","C:\Program Files (x86)\Microsoft Office\Office12\FORMS\3082\CONTACT.CFG"
"MD5","7D839C56D081DBED770887AE58CAC377","C:\Program Files (x86)\Microsoft Office\Office12\FORMS\3082\CONTACTL.ICO"
"MD5","3FBBA498DCFADEEB0230354DE63CAB08","C:\Program Files (x86)\Microsoft Office\Office12\FORMS\3082\CONTACTS.ICO"
"MD5","03DB97812E3EBCA3A90B6B49C137262D","C:\Program Files (x86)\Microsoft Office\Office12\FORMS\3082\DISTLIST.CFG"
"MD5","BB081465800FE05C26780FF7B4C49403","C:\Program Files (x86)\Microsoft Office\Office12\FORMS\3082\DISTLSTL.ICO"
"MD5","2417A383D3F2EFFEE2061C07360954F2","C:\Program Files (x86)\Microsoft Office\Office12\FORMS\3082\DISTLSTS.ICO"
"MD5","5F0E64B3D531C0289BFF7B9F9D901535","C:\Program Files (x86)\Microsoft Office\Office12\FORMS\3082\DOC.CFG"
"MD5","32310257791C5B66CF32566D3C6EDE13","C:\Program Files (x86)\Microsoft Office\Office12\FORMS\3082\DOCL.ICO"
"MD5","BA634B9B7465A82AE9A94585A300DB73","C:\Program Files (x86)\Microsoft Office\Office12\FORMS\3082\DOCS.ICO"
"MD5","43EC46AC23698D2ACA1A0AD87B7269EF","C:\Program Files (x86)\Microsoft Office\Office12\FORMS\3082\EXITEM.CFG"
"MD5","DD2DE9BF23B2C2036CF9A8ECB9002C5B","C:\Program Files (x86)\Microsoft Office\Office12\FORMS\3082\EXITEML.ICO"
"MD5","F4BEB03A4C6D3E1DC83E9D6A4E634E4C","C:\Program Files (x86)\Microsoft Office\Office12\FORMS\3082\EXITEMS.ICO"
"MD5","7580FA85DBD1EB4FDFE46ED861D44B7C","C:\Program Files (x86)\Microsoft Office\Office12\FORMS\3082\INFOMAIL.CFG"
"MD5","26A34EB74C76550280BC70F9C1BA3103","C:\Program Files (x86)\Microsoft Office\Office12\FORMS\3082\INFOML.ICO"
"MD5","9643C5B7252A4042A6185D2C77284BD4","C:\Program Files (x86)\Microsoft Office\Office12\FORMS\3082\INFOMS.ICO"
"MD5","82058D4D367F59476B391044C33E094A","C:\Program Files (x86)\Microsoft Office\Office12\FORMS\3082\IPM.CFG"
"MD5","93A654632A354694B9821A2AADBE94EE","C:\Program Files (x86)\Microsoft Office\Office12\FORMS\3082\IPML.ICO"
"MD5","F7E2C87A0D78E48C1DBCCEA45CD96C6E","C:\Program Files (x86)\Microsoft Office\Office12\FORMS\3082\IPMS.ICO"
"MD5","DC6D80E6DB0603675F18BD3A1FBAB1ED","C:\Program Files (x86)\Microsoft Office\Office12\FORMS\3082\MMSL.ICO"
"MD5","67707C2968CAD3C731CF966A29BCFFB5","C:\Program Files (x86)\Microsoft Office\Office12\FORMS\3082\MMSS.ICO"
"MD5","9684F7267EF65BC0F6E78FB99426EDB3","C:\Program Files (x86)\Microsoft Office\Office12\FORMS\3082\NOTE.CFG"
"MD5","18B67864B02A85500C56FF7BD39DBD3D","C:\Program Files (x86)\Microsoft Office\Office12\FORMS\3082\NOTEL.ICO"
"MD5","F7E2C87A0D78E48C1DBCCEA45CD96C6E","C:\Program Files (x86)\Microsoft Office\Office12\FORMS\3082\NOTES.ICO"
"MD5","F95EDE8BCC2445A38AAE8C819700FB9D","C:\Program Files (x86)\Microsoft Office\Office12\FORMS\3082\OMSMMS.CFG"
"MD5","759AEED723489D1993FF2C3C1774EBB5","C:\Program Files (x86)\Microsoft Office\Office12\FORMS\3082\OMSSMS.CFG"
"MD5","D45790E860883123F276DFC102C7C962","C:\Program Files (x86)\Microsoft Office\Office12\FORMS\3082\OOFL.ICO"
"MD5","6149FCE3263281D90C09DAFF735BFB07","C:\Program Files (x86)\Microsoft Office\Office12\FORMS\3082\OOFS.ICO"
"MD5","BACFCA38A21F5715870B430D1E4C9DF9","C:\Program Files (x86)\Microsoft Office\Office12\FORMS\3082\OOFTMPL.CFG"
"MD5","C313F51DDC0BB8FDA1F8DB23D4703BB2","C:\Program Files (x86)\Microsoft Office\Office12\FORMS\3082\POST.CFG"
"MD5","6AFACD4738029591378C7F0976499FA9","C:\Program Files (x86)\Microsoft Office\Office12\FORMS\3082\POSTIT.CFG"
"MD5","A7947B1675701F2247921CF4C2B99A78","C:\Program Files (x86)\Microsoft Office\Office12\FORMS\3082\POSTITL.ICO"
"MD5","4E723E5C18A1EB4755933F089B347E33","C:\Program Files (x86)\Microsoft Office\Office12\FORMS\3082\POSTITS.ICO"
"MD5","68CF82220073A3EB35F81C40310A5B45","C:\Program Files (x86)\Microsoft Office\Office12\FORMS\3082\POSTL.ICO"
"MD5","524E7C620D3D272B094FC4A94076868D","C:\Program Files (x86)\Microsoft Office\Office12\FORMS\3082\POSTS.ICO"
"MD5","6807BE7291C4F4024068ED9115CB4B5C","C:\Program Files (x86)\Microsoft Office\Office12\FORMS\3082\RCLRPT.CFG"
"MD5","4814EF91A200E080E8E61AE68EDE480D","C:\Program Files (x86)\Microsoft Office\Office12\FORMS\3082\REC.CFG"
"MD5","A835A015008A1B2BF44AFD867FEB758D","C:\Program Files (x86)\Microsoft Office\Office12\FORMS\3082\RECL.ICO"
"MD5","275E61FF14B73013F21512FB0B57133F","C:\Program Files (x86)\Microsoft Office\Office12\FORMS\3082\RECS.ICO"
"MD5","4D6A05271E5A53100130C1B1FC33F650","C:\Program Files (x86)\Microsoft Office\Office12\FORMS\3082\REMOTE.CFG"
"MD5","D6BD6D3CD59699E0A85504DFD1F23ABD","C:\Program Files (x86)\Microsoft Office\Office12\FORMS\3082\REMOTEL.ICO"
"MD5","F4AE2FB941711286BC99C305B8C7A0FC","C:\Program Files (x86)\Microsoft Office\Office12\FORMS\3082\REMOTES.ICO"
"MD5","182E9EEF3EFECCFC76100A7E252318F7","C:\Program Files (x86)\Microsoft Office\Office12\FORMS\3082\REPLTMPL.CFG"
"MD5","CF70A4FA29C2C9547F125D9C6BB84B55","C:\Program Files (x86)\Microsoft Office\Office12\FORMS\3082\REPORT.CFG"
"MD5","3A1808F7E98E6A8CE628F43EE6DCF177","C:\Program Files (x86)\Microsoft Office\Office12\FORMS\3082\REPORTL.ICO"
"MD5","1BCB82A2F645FE73A93BBD7A3983106F","C:\Program Files (x86)\Microsoft Office\Office12\FORMS\3082\REPORTS.ICO"
"MD5","EBC6E227DB7E225C85B3321935A934ED","C:\Program Files (x86)\Microsoft Office\Office12\FORMS\3082\RESEND.CFG"
"MD5","14E57A665022CB5A3AF0CBB68512730B","C:\Program Files (x86)\Microsoft Office\Office12\FORMS\3082\RESENDL.ICO"
"MD5","CEF83806D3846798A0B0846812126982","C:\Program Files (x86)\Microsoft Office\Office12\FORMS\3082\RESENDS.ICO"
"MD5","F87F538470D47C8253C8048D23B8384D","C:\Program Files (x86)\Microsoft Office\Office12\FORMS\3082\RSSITEM.CFG"
"MD5","8DAFB32F95139FCFD4849A6A38AE2C1A","C:\Program Files (x86)\Microsoft Office\Office12\FORMS\3082\RSSITEML.ICO"
"MD5","A3C61BD26F6080A80C2948C13AA7F340","C:\Program Files (x86)\Microsoft Office\Office12\FORMS\3082\RSSITEMS.ICO"
"MD5","BB616D347941F08A45DD40171C4D4AD4","C:\Program Files (x86)\Microsoft Office\Office12\FORMS\3082\SCDCNCLL.ICO"
"MD5","E981227C311A630B33EAFF6ECE2F8565","C:\Program Files (x86)\Microsoft Office\Office12\FORMS\3082\SCDCNCLS.ICO"
"MD5","820EC5D04A36F7DC2FCB37B1114E51AE","C:\Program Files (x86)\Microsoft Office\Office12\FORMS\3082\SCDREQL.ICO"
"MD5","8E8397080427E9B389B7009A86B6E6A5","C:\Program Files (x86)\Microsoft Office\Office12\FORMS\3082\SCDREQS.ICO"
"MD5","BBC2CB8A8395D6AEA03ADA042543B1A0","C:\Program Files (x86)\Microsoft Office\Office12\FORMS\3082\SCDRESNL.ICO"
"MD5","12200A8C20868DD9E11146F3A7BDE5BD","C:\Program Files (x86)\Microsoft Office\Office12\FORMS\3082\SCDRESNS.ICO"
"MD5","AABAA3E62558B95B76B1FE3BF53FF22D","C:\Program Files (x86)\Microsoft Office\Office12\FORMS\3082\SCDRESPL.ICO"
"MD5","DF0151D11E3DD0AF25739AE04292F2D3","C:\Program Files (x86)\Microsoft Office\Office12\FORMS\3082\SCDRESPS.ICO"
"MD5","0E568A6CF958AD094862945759935208","C:\Program Files (x86)\Microsoft Office\Office12\FORMS\3082\SCDRESTL.ICO"
"MD5","3D30970D684D0901AE6D0A1F1E921118","C:\Program Files (x86)\Microsoft Office\Office12\FORMS\3082\SCDRESTS.ICO"
"MD5","8BC0C10A913E7966C7E45A6065AE44AA","C:\Program Files (x86)\Microsoft Office\Office12\FORMS\3082\SCHDCNCL.CFG"
"MD5","EA250516A45184419C2F96AA8E1F5823","C:\Program Files (x86)\Microsoft Office\Office12\FORMS\3082\SCHDREQ.CFG"
"MD5","F04F0D7C42493F08B498C1115BD91F3E","C:\Program Files (x86)\Microsoft Office\Office12\FORMS\3082\SCHDRESN.CFG"
"MD5","039EB98D9DDD764F6195FC046B2A0ACE","C:\Program Files (x86)\Microsoft Office\Office12\FORMS\3082\SCHDRESP.CFG"
"MD5","D2BCB42D84D9BA814B1BDF1D97FF9EFB","C:\Program Files (x86)\Microsoft Office\Office12\FORMS\3082\SCHDREST.CFG"
"MD5","13BA11A7BA65273E49F560DF4AFC970C","C:\Program Files (x86)\Microsoft Office\Office12\FORMS\3082\SECREC.CFG"
"MD5","3A6EF5E973F244D098EF5E1158407E96","C:\Program Files (x86)\Microsoft Office\Office12\FORMS\3082\SECRECL.ICO"
"MD5","395E380E346C6F9A5A43BD405A15FD9A","C:\Program Files (x86)\Microsoft Office\Office12\FORMS\3082\SECRECS.ICO"
"MD5","0EC86F99C2697AD2A4CD6C36AE1B039B","C:\Program Files (x86)\Microsoft Office\Office12\FORMS\3082\SECURE.CFG"
"MD5","3BEDC926758AF0B96D9E36C393BA5A50","C:\Program Files (x86)\Microsoft Office\Office12\FORMS\3082\SECURL.ICO"
"MD5","7629C728C7724C55346FEA56E1D5D019","C:\Program Files (x86)\Microsoft Office\Office12\FORMS\3082\SECURS.ICO"
"MD5","CACFECC3659A25B152C8403F7E94AEE5","C:\Program Files (x86)\Microsoft Office\Office12\FORMS\3082\SHARING.CFG"
"MD5","D11FF56A1EAAB86EE43F950AF5DCBA97","C:\Program Files (x86)\Microsoft Office\Office12\FORMS\3082\SIGN.CFG"
"MD5","AAE6D39F1DB71CDCA4F3739C0AA2D44C","C:\Program Files (x86)\Microsoft Office\Office12\FORMS\3082\SIGNL.ICO"
"MD5","F0F9B3768B206A70DCDD42A79B602C39","C:\Program Files (x86)\Microsoft Office\Office12\FORMS\3082\SIGNS.ICO"
"MD5","FED288A555540D27BF784B2294D2DD18","C:\Program Files (x86)\Microsoft Office\Office12\FORMS\3082\SMIMEE.CFG"
"MD5","0D9AEABF47B3ED5A47AFF365E5FB5F0D","C:\Program Files (x86)\Microsoft Office\Office12\FORMS\3082\SMIMES.CFG"
"MD5","CBA7EBA85435694942147E97B84F7F61","C:\Program Files (x86)\Microsoft Office\Office12\FORMS\3082\SMSL.ICO"
"MD5","6B54889F079E1D65157FF079AE837C48","C:\Program Files (x86)\Microsoft Office\Office12\FORMS\3082\SMSS.ICO"
"MD5","C4F11EAA151A2E24977C13BD75BD7717","C:\Program Files (x86)\Microsoft Office\Office12\FORMS\3082\TASK.CFG"
"MD5","FD05DFF81575C640F694AD2F1FDEF01B","C:\Program Files (x86)\Microsoft Office\Office12\FORMS\3082\TASKACC.CFG"
"MD5","3B85B6C19F8CD3AED92F448E573428BD","C:\Program Files (x86)\Microsoft Office\Office12\FORMS\3082\TASKACCL.ICO"
"MD5","585CDFB98F182CCA13462A8486277735","C:\Program Files (x86)\Microsoft Office\Office12\FORMS\3082\TASKACCS.ICO"
"MD5","5E346D491084298B2EBEC8FF3FA3E19E","C:\Program Files (x86)\Microsoft Office\Office12\FORMS\3082\TASKDEC.CFG"
"MD5","B52E1A369C36DD7112AB8AA51FF93071","C:\Program Files (x86)\Microsoft Office\Office12\FORMS\3082\TASKDECL.ICO"
"MD5","EE9DBE73CF40FBEBF919300AC61D7D9C","C:\Program Files (x86)\Microsoft Office\Office12\FORMS\3082\TASKDECS.ICO"
"MD5","3EDE80682A563D9A2BEB7D57137A93C2","C:\Program Files (x86)\Microsoft Office\Office12\FORMS\3082\TASKL.ICO"
"MD5","A6B88BF973B38757F4A7599AD35AA830","C:\Program Files (x86)\Microsoft Office\Office12\FORMS\3082\TASKREQ.CFG"
"MD5","74A6D5803A9C071B1FA50C8A0DD66CC8","C:\Program Files (x86)\Microsoft Office\Office12\FORMS\3082\TASKREQL.ICO"
"MD5","B208AF908B892B190A7660F48A738BE9","C:\Program Files (x86)\Microsoft Office\Office12\FORMS\3082\TASKREQS.ICO"
"MD5","5BB49EEB6557EC5727ADB24084916377","C:\Program Files (x86)\Microsoft Office\Office12\FORMS\3082\TASKS.ICO"
"MD5","61B34F0FF1968B740EB2C0EAD4201A45","C:\Program Files (x86)\Microsoft Office\Office12\FORMS\3082\TASKUPD.CFG"
"MD5","DB8F644908E1AE52C9C51544B3E84093","C:\Program Files (x86)\Microsoft Office\Office12\OutlookAutoDiscover\AMERITECH.NET.XML"
"MD5","F7120202954B5559DF4E0C9BCD7B7B16","C:\Program Files (x86)\Microsoft Office\Office12\OutlookAutoDiscover\BTINTERNET.NET.XML"
"MD5","F7120202954B5559DF4E0C9BCD7B7B16","C:\Program Files (x86)\Microsoft Office\Office12\OutlookAutoDiscover\BTOPENWORLD.COM.XML"
"MD5","16460D48998FC7FF33DEC3A33413CE42","C:\Program Files (x86)\Microsoft Office\Office12\OutlookAutoDiscover\FLASH.NET.XML"
"MD5","76679725571122B0BB69B3CAA7258C28","C:\Program Files (x86)\Microsoft Office\Office12\OutlookAutoDiscover\NL.ROGERS.COM.XML"
"MD5","24EB0BB361A99D3BDC8D37E9DE1D7926","C:\Program Files (x86)\Microsoft Office\Office12\OutlookAutoDiscover\NVBELL.NET.XML"
"MD5","EE9E1890F7EC7AAF5E466BA46ABFAD68","C:\Program Files (x86)\Microsoft Office\Office12\OutlookAutoDiscover\PACBELL.NET.XML"
"MD5","270E3DD19E197C61433CE57528228051","C:\Program Files (x86)\Microsoft Office\Office12\OutlookAutoDiscover\PRODIGY.NET.XML"
"MD5","76679725571122B0BB69B3CAA7258C28","C:\Program Files (x86)\Microsoft Office\Office12\OutlookAutoDiscover\ROGERS.COM.XML"
"MD5","04145F8F0B2C7D65DB4C99D720784AA1","C:\Program Files (x86)\Microsoft Office\Office12\OutlookAutoDiscover\SBCGLOBAL.NET.XML"
"MD5","F7710CE421BBF817CEDC3A6FD1701A57","C:\Program Files (x86)\Microsoft Office\Office12\OutlookAutoDiscover\SNET.NET.XML"
"MD5","C306FBF279B5DA3857EDEC138FF5B0F3","C:\Program Files (x86)\Microsoft Office\Office12\OutlookAutoDiscover\SWBELL.NET.XML"
"MD5","F7120202954B5559DF4E0C9BCD7B7B16","C:\Program Files (x86)\Microsoft Office\Office12\OutlookAutoDiscover\TALK21.COM.XML"
"MD5","48348A555BD85B4B1CF3584A5A75F185","C:\Program Files (x86)\Microsoft Office\Office12\OutlookAutoDiscover\WANS.NET.XML"
"MD5","2A2E2872F1539413D295BBD853BFE85A","C:\Program Files (x86)\Microsoft Office\Office12\OutlookAutoDiscover\YAHOO.CA.XML"
"MD5","2D8E27619A4D15BCA2A2B04ADB8C4FE5","C:\Program Files (x86)\Microsoft Office\Office12\OutlookAutoDiscover\YAHOO.CO.ID.XML"
"MD5","4B6D837FDBA1FE5306CC2C0DC630E4AF","C:\Program Files (x86)\Microsoft Office\Office12\OutlookAutoDiscover\YAHOO.CO.IN.XML"
"MD5","F0F1F60CC29525DDFBFD402381E0E42B","C:\Program Files (x86)\Microsoft Office\Office12\OutlookAutoDiscover\YAHOO.CO.JP.XML"
"MD5","FC9A01384283F760B245BAFDE02893CA","C:\Program Files (x86)\Microsoft Office\Office12\OutlookAutoDiscover\YAHOO.CO.KR.XML"
"MD5","460204377C86C8BF37FA59E336831AAB","C:\Program Files (x86)\Microsoft Office\Office12\OutlookAutoDiscover\YAHOO.CO.NZ.XML"
"MD5","C97F325596B9B1D1AD51B1E82A01548A","C:\Program Files (x86)\Microsoft Office\Office12\OutlookAutoDiscover\YAHOO.CO.TH.XML"
"MD5","4AC759A0010213C0DAE4AD7E6B954AC8","C:\Program Files (x86)\Microsoft Office\Office12\OutlookAutoDiscover\YAHOO.CO.UK.XML"
"MD5","C5F52824779E014FCA9B6E5BCCDD7748","C:\Program Files (x86)\Microsoft Office\Office12\OutlookAutoDiscover\YAHOO.COM.AR.XML"
"MD5","460204377C86C8BF37FA59E336831AAB","C:\Program Files (x86)\Microsoft Office\Office12\OutlookAutoDiscover\YAHOO.COM.AU.XML"
"MD5","5B8D838A12C6443CB8235264B8258C5D","C:\Program Files (x86)\Microsoft Office\Office12\OutlookAutoDiscover\YAHOO.COM.BR.XML"
"MD5","63D4A31E8ED0A74BE917F8FB115A8096","C:\Program Files (x86)\Microsoft Office\Office12\OutlookAutoDiscover\YAHOO.COM.CN.XML"
"MD5","C6B25D8EEDAEC73648D084C45E2451C6","C:\Program Files (x86)\Microsoft Office\Office12\OutlookAutoDiscover\YAHOO.COM.HK.XML"
"MD5","FC9A01384283F760B245BAFDE02893CA","C:\Program Files (x86)\Microsoft Office\Office12\OutlookAutoDiscover\YAHOO.COM.MX.XML"
"MD5","D2E73CF91A05AB5130B704FB99967315","C:\Program Files (x86)\Microsoft Office\Office12\OutlookAutoDiscover\YAHOO.COM.MY.XML"
"MD5","05E8BA534942D93BEACC7FA204497D9F","C:\Program Files (x86)\Microsoft Office\Office12\OutlookAutoDiscover\YAHOO.COM.PH.XML"
"MD5","562AFD4E5B71F349A7BD77D9455673FA","C:\Program Files (x86)\Microsoft Office\Office12\OutlookAutoDiscover\YAHOO.COM.SG.XML"
"MD5","2FE0D0003A0ABB13D2BDFE250DAC3694","C:\Program Files (x86)\Microsoft Office\Office12\OutlookAutoDiscover\YAHOO.COM.TW.XML"
"MD5","28B364C3E536127315B00D28D582BC79","C:\Program Files (x86)\Microsoft Office\Office12\OutlookAutoDiscover\YAHOO.COM.VN.XML"
"MD5","FC9A01384283F760B245BAFDE02893CA","C:\Program Files (x86)\Microsoft Office\Office12\OutlookAutoDiscover\YAHOO.COM.XML"
"MD5","6AE5357AE96F663ED58AEE772B0A71D1","C:\Program Files (x86)\Microsoft Office\Office12\OutlookAutoDiscover\YAHOO.DE.XML"
"MD5","B9CE1AAAC75D784C03763858648A8689","C:\Program Files (x86)\Microsoft Office\Office12\OutlookAutoDiscover\YAHOO.ES.XML"
"MD5","4C94B28355D47465D0261400D01C2D38","C:\Program Files (x86)\Microsoft Office\Office12\OutlookAutoDiscover\YAHOO.FR.XML"
"MD5","FC9A01384283F760B245BAFDE02893CA","C:\Program Files (x86)\Microsoft Office\Office12\OutlookAutoDiscover\YAHOO.HK.XML"
"MD5","4AC759A0010213C0DAE4AD7E6B954AC8","C:\Program Files (x86)\Microsoft Office\Office12\OutlookAutoDiscover\YAHOO.IE.XML"
"MD5","B396C6616C701DB76AE34037BFF88274","C:\Program Files (x86)\Microsoft Office\Office12\OutlookAutoDiscover\YAHOO.IT.XML"
"MD5","B1D44BF4BE3B12C5DC81CCF412559323","C:\Program Files (x86)\Microsoft Office\Office12\OutlookAutoDiscover\YAHOO.JP.XML"
"MD5","FC9A01384283F760B245BAFDE02893CA","C:\Program Files (x86)\Microsoft Office\Office12\OutlookAutoDiscover\YAHOO.NO.XML"
"MD5","FC9A01384283F760B245BAFDE02893CA","C:\Program Files (x86)\Microsoft Office\Office12\OutlookAutoDiscover\YAHOO.PL.XML"
"MD5","FC9A01384283F760B245BAFDE02893CA","C:\Program Files (x86)\Microsoft Office\Office12\OutlookAutoDiscover\YAHOO.SE.XML"
